repeat,ours_nll,ours_rmse,ours_M,official_nll,official_rmse,official_M
1,3.109868662342098,5.335515847276418,799,3.1155198034018095,5.2467527767149935,746
2,3.044715178228187,5.4941214154773075,565,3.0412593216286243,5.437449614615884,431
3,3.0123300696071484,5.2071987332953675,488,2.9904201276634326,5.134717573128211,380
4,2.892807290701105,4.668508568904925,762,2.849358076370838,4.451201607555478,800
5,3.1250430180399666,5.637178622262877,800,3.1172675879748186,5.401373686714365,800
6,3.1407313768766953,5.91490399534458,666,3.1557870668776964,6.018584011721649,468
7,3.003237656026029,5.286004074980862,580,3.0004378183564016,5.24097427104539,433
8,2.9585383771267293,4.916354874604723,676,2.9531660762295284,4.9089935948847705,546
9,2.9864559382146747,5.030456304843347,800,2.9700493885571038,4.993305090783208,657
10,2.9784744191409147,5.242181790357823,569,2.9704614865722982,5.224548912887732,463
11,3.0241258480570603,5.826680435900213,533,3.047208113634688,5.876727465657689,380
12,2.8676077081620557,4.600966494686964,687,2.7657473223223454,4.282894685436678,755
13,3.281857649993995,6.700512536791193,508,3.288628605917081,6.818237863046197,356
14,3.3471632758403684,6.691611673880112,797,3.3395088550983543,6.570524384985644,710
15,2.9929372082066137,5.3538283926901205,615,2.995077056294821,5.357958962585296,474
16,2.7335017471851195,4.314561632085679,799,2.731010120410285,4.2824009304044885,709
17,3.11185398329154,5.6487473776089825,681,3.0978884665152484,5.560321047328802,581
18,3.214495766810105,5.798876745214173,798,3.213378028624379,5.776720152388336,667
19,3.103276073596626,5.818778758406994,617,3.08795662835201,5.648881809895302,581
20,3.299656228895,6.14443859334495,761,3.2946332139755303,6.110640702922868,631
