repeat,baseline_nll,lognormal_nll,baseline_rmse,lognormal_rmse
1,3.109868662342098,3.1675621511705554,5.335515847276418,5.887677071037626
2,3.044715178228187,2.9287483818895113,5.494121415477308,5.30237106216693
3,3.0123300696071484,3.155697003952654,5.207198733295368,5.143278611135043
4,2.892807290701105,3.1429287865213706,4.668508568904925,4.534553054147489
5,3.125043018039966,3.2481012153580835,5.637178622262877,6.12575793960433
6,3.140731376876696,3.1108960363703098,5.91490399534458,6.1974109879686825
7,3.003237656026029,3.117798673897361,5.286004074980862,5.698036594536394
8,2.9585383771267293,2.919825470527325,4.916354874604723,5.040512541268657
9,2.9864559382146747,3.1254057764965415,5.030456304843347,5.7582162948349245
10,2.9784744191409147,2.942980348315879,5.242181790357823,5.076424658791344
11,3.0241258480570603,2.9679939924719227,5.826680435900213,5.867795646352523
12,2.867607708162056,3.160020983326756,4.600966494686964,5.069113086152813
13,3.281857649993995,3.518161719830461,6.700512536791193,6.378667195433322
14,3.3471632758403684,3.1125483956590396,6.691611673880112,6.147790819669963
15,2.9929372082066137,3.0137412333613263,5.3538283926901205,5.063519377493328
16,2.7335017471851195,2.8483017405896893,4.314561632085679,4.163514748861888
17,3.11185398329154,3.1233216195997633,5.648747377608983,5.530675114602724
18,3.214495766810105,3.141170813327448,5.798876745214173,6.238405526704867
19,3.103276073596626,3.0053085319554866,5.818778758406994,5.502103141482877
20,3.299656228895,3.1638214859722544,6.14443859334495,6.5272866565029775
